kind,strategy,correct,wrong,review
delete,multi-strategy,0.0,0.0,1.0
delete,range-only,0.0,1.0,0.0
delete,snapshot-only,0.0,0.0,1.0
delete,yjs-multi,0.0,0.0,1.0
delete,yjs-relative,0.0,0.0,1.0
duplicate-before,multi-strategy,0.0,1.0,0.0
duplicate-before,range-only,0.0,1.0,0.0
duplicate-before,snapshot-only,0.0,0.0,1.0
duplicate-before,yjs-multi,0.0,1.0,0.0
duplicate-before,yjs-relative,0.0,1.0,0.0
insert-around,multi-strategy,1.0,0.0,0.0
insert-around,range-only,0.0,1.0,0.0
insert-around,snapshot-only,1.0,0.0,0.0
insert-around,yjs-multi,0.0,1.0,0.0
insert-around,yjs-relative,0.0,1.0,0.0
interleaved,multi-strategy,1.0,0.0,0.0
interleaved,range-only,0.0,1.0,0.0
interleaved,snapshot-only,0.0,0.0,1.0
interleaved,yjs-multi,0.9833333333333333,0.0,0.016666666666666666
interleaved,yjs-relative,1.0,0.0,0.0
move-and-edit,multi-strategy,1.0,0.0,0.0
move-and-edit,range-only,0.0,1.0,0.0
move-and-edit,snapshot-only,1.0,0.0,0.0
move-and-edit,yjs-multi,1.0,0.0,0.0
move-and-edit,yjs-relative,0.0,1.0,0.0
three-members,multi-strategy,0.10416666666666667,0.6083333333333333,0.2875
three-members,range-only,0.0,1.0,0.0
three-members,snapshot-only,0.0,0.0,1.0
three-members,yjs-multi,0.19583333333333333,0.004166666666666667,0.8
three-members,yjs-relative,0.9875,0.0125,0.0
